Orthogroup	Species	ahos	Orthologs
OG0000086	apis	ahos|F4B9C0, ahos|F4B7N5	apis|A0A8R2JTJ6, apis|A0A8R2JUZ3, apis|A0A8R1W711, apis|A0A8R2JV03, apis|A0A8R2JV09, apis|A0A8R2H4F6, apis|A0A8R2NW40, apis|A0A8R2NV73, apis|A0A8R2JUZ7, apis|A0A8R2JV66, apis|A0A8R2NUI2, apis|A0A8R1W976, apis|A0A8R2A4N6, apis|A0A8R2NW62, apis|A0A8R2A6P6, apis|A0A8R2H5R4, apis|A0A8R1VZX1, apis|A0A8R2JPI1, apis|A0A8R2A4C9, apis|Q0H3F1, apis|A0A8R2HAA0, apis|A0A8R2FAG0, apis|A0A8R2JPU8, apis|A0A8R2F797, apis|A0A8R2JWW7, apis|A0A8R1W696, apis|A0A8R1W4A9, apis|A0A8R1W4W7, apis|A0A8R2A398, apis|A0A8R2H303
OG0000230	apis	ahos|F4B8W9	apis|A0A8R2D7B4, apis|A0A8R2NQG5, apis|A0A8R2A264, apis|A0A8R1W2W5, apis|A0A8R2JLR1, apis|A0A8R2F856, apis|A0A8R1W1C8, apis|A0A8R2JSA2, apis|A0A8R2NQT9, apis|A0A8R1X083, apis|A0A8R2AAU5, apis|A0A8R2A4U2, apis|A0A8R2D3M9
OG0000279	apis	ahos|F4B582	apis|A0A8R2NW84, apis|A0A8R2JRI7, apis|A0A8R2A232, apis|A0A8R2A5L9, apis|A0A8R2H5S9, apis|A0A8R1W358, apis|A0A8R2D3N7, apis|A0A8R1W368, apis|A0A8R2NQV4, apis|A0A8R1W902, apis|A0A8R2JRV5
OG0000305	apis	ahos|F4B4V7, ahos|F4B993, ahos|F4B3X5, ahos|F4B4J1, ahos|F4B9A7, ahos|F4B6B3, ahos|F4B4E5, ahos|F4B6P3, ahos|F4B5K0, ahos|F4B6F7	apis|A0A8R2NM88
OG0000306	apis	ahos|F4B9X7	apis|A0A8R2H934, apis|A0A8R2BAA8, apis|A0A8R2FE95, apis|A0A8R2A2V9, apis|A0A8R2B9X4, apis|A0A8R2NU89, apis|A0A8R2BAC8, apis|A0A8R2ACQ8, apis|A0A8R2BA79, apis|A0A8R2BA63
OG0000307	apis	ahos|F4B4D0	apis|A0A8R2NQX4, apis|A0A8R2D908, apis|A0A8R2D1C5, apis|A0A8R2B8V3, apis|A0A8R2NQ43, apis|A0A8R2NRC1, apis|A0A8R2NPZ1, apis|A0A8R2A9U3, apis|A0A8R1VYV3, apis|A0A8R1VYH1
OG0000339	apis	ahos|F4B8H9	apis|A0A8R2B528, apis|A0A8R2B572, apis|A0A8R2H664, apis|A0A8R2D387, apis|A0A8R2JQW9, apis|A0A8R2JRK2, apis|A0A8R2JRF8, apis|A0A8R1W6B8, apis|A0A8R2D0Z2
OG0000390	apis	ahos|F4B3P3, ahos|F4B821, ahos|F4B436, ahos|F4B427, ahos|F4B9B3, ahos|F4B9U7, ahos|F4B7T7	apis|A0A8R2AYU9, apis|A0A8R2JVK6
OG0000391	apis	ahos|F4B9M3	apis|A0A8R2FA99, apis|A0A8R2B7P7, apis|A0A8R2H7D3, apis|A0A8R2FAC8, apis|A0A8R2AB60, apis|A0A8R2B7T7, apis|A0A8R2H8J0, apis|A0A8R2B7W9
OG0000441	apis	ahos|F4B6J5	apis|A0A8R2B8E2, apis|C4WTE3, apis|A0A8R2B8T5, apis|C4WUE6, apis|A0A8R2ADC2, apis|A0A8R2B7H7, apis|A0A8R2A1A0
OG0000535	apis	ahos|F4B6H4	apis|A0A8R2BAW0
OG0000535	apis	ahos|F4B860, ahos|F4B5N2, ahos|F4B403, ahos|F4B4W2	apis|A0A8R2HAN6
OG0000536	apis	ahos|F4B769, ahos|F4B6J8, ahos|F4B3W1, ahos|F4B451	apis|A0A8R2FA65, apis|A0A8R2A6G2, apis|A0A8R2A749
OG0000537	apis	ahos|F4B7E4, ahos|F4B979, ahos|F4B8I4, ahos|F4B639, ahos|F4B7C1, ahos|F4B5L9	apis|A0A8R2FD20
OG0000538	apis	ahos|F4B9J9	apis|A0A8R2B8Q2, apis|A0A8R2D6U8, apis|A0A8R2JVV8, apis|A0A8R2D6A0, apis|A0A8R1W1Z3, apis|A0A8R2JVV2
OG0000539	apis	ahos|F4B8Q5	apis|A0A8R2F7L8, apis|A0A8R1W5I7, apis|A0A8R2F7C3, apis|A0A8R2F8K7, apis|C4WWX8, apis|A0A8R2F7G7
OG0000632	apis	ahos|F4B974, ahos|F4BA38, ahos|F4B4C2	apis|A0A8R2A637, apis|A0A8R2B2X2, apis|A0A8R1X3J2
OG0000635	apis	ahos|F4B9D8, ahos|F4B889	apis|A0A8R1VYD7, apis|D5K775, apis|A0A8R1X0M4, apis|A0A8R2A941
OG0000636	apis	ahos|F4B806, ahos|F4B422, ahos|F4B7G3, ahos|F4B4P6	apis|A0A8R2A9G4, apis|A0A8R2AYM2
OG0000637	apis	ahos|F4B9A6, ahos|F4B988, ahos|F4B9J5, ahos|F4B3Z2	apis|A0A8R2B7Y4, apis|A0A8R2B830
OG0000638	apis	ahos|F4B9Q5, ahos|F4B556, ahos|F4B6L8, ahos|F4B609, ahos|F4B482	apis|A0A8R2B9U7
OG0000641	apis	ahos|F4B683	apis|A0A8R2H3F8, apis|A0A8R2D1F6, apis|A0A8R2D2H0, apis|A0A8R2H2L2, apis|A0A8R2NPC8
OG0000642	apis	ahos|F4B6R0, ahos|F4B9M8	apis|A0A8R2D5G2, apis|A0A8R2D5W6, apis|A0A8R2FCR6, apis|A0A8R2FCP6
OG0000643	apis	ahos|F4B3U1	apis|A0A8R1WYZ5, apis|A0A8R2AZP2, apis|A0A8R1W1T6, apis|A0A8R1W9P1, apis|C4WT90
OG0000644	apis	ahos|F4B8H3, ahos|F4B8S6	apis|A0A8R2D4Y5, apis|A0A8R2D4H2, apis|A0A8R2A6C3, apis|A0A8R2B2I2
OG0000645	apis	ahos|F4B3Q3	apis|A0A8R2JNG8, apis|A0A8R2D4J9, apis|A0A8R2AB52, apis|A0A8R2A0M4, apis|A0A8R2B732
OG0000646	apis	ahos|F4B7A0	apis|A0A8R1W2P7, apis|A0A8R1W3W3, apis|A0A8R2H6E0, apis|A0A8R1W2W7, apis|C4WSB5
OG0000647	apis	ahos|F4B504, ahos|F4BA25	apis|A0A8R1W264
OG0000647	apis	ahos|F4B3S4	apis|A0A8R2FAJ3, apis|A0A8R2JVB8
OG0000648	apis	ahos|F4B3L5	apis|A0A8R2BB06, apis|A0A8R2D1N2, apis|C4WRT8, apis|C4WVQ3, apis|A0A8R1WYT5
OG0000819	apis	ahos|F4B406, ahos|F4B9V0, ahos|F4B4W7	apis|A0A8R2AZX0, apis|A0A8R1W158
OG0000820	apis	ahos|F4B653, ahos|F4B652, ahos|F4B6K9, ahos|F4B8F5	apis|A0A8R1W341
OG0000821	apis	ahos|F4B7W4	apis|A0A8R1XEH2, apis|A0A8R1XEI5, apis|A0A8R2H858, apis|C4WTJ8
OG0000825	apis	ahos|F4B4A0, ahos|F4B6E1, ahos|F4B6E3	apis|C4WU61, apis|A0A8R2D609
OG0000826	apis	ahos|F4B620	apis|A0A8R2B8F7, apis|A0A8R1VYY9, apis|A0A8R2B8M1, apis|A0A8R2NP71
OG0000827	apis	ahos|F4B852, ahos|F4B5Y5, ahos|F4B5Y8, ahos|F4B5Y7	apis|A0A8R1XND9
OG0000829	apis	ahos|F4BA50, ahos|F4B740, ahos|F4B780, ahos|F4B5G9	apis|A0A8R2A3E6
OG0000830	apis	ahos|F4B7L1, ahos|F4B7K2, ahos|F4B3U3	apis|C4WSQ2, apis|C4WSQ3
OG0000834	apis	ahos|F4B454	apis|A0A8R1WB64, apis|A0A8R2JVA7, apis|A0A8R2F7Q4, apis|A0A8R2F7N7
OG0000835	apis	ahos|F4B3Y2, ahos|F4B6G1	apis|A0A8R2NUP7, apis|A0A8R2NJZ6, apis|A0A8R2NK15
OG0000836	apis	ahos|F4B4X1, ahos|F4B907, ahos|F4B6F3, ahos|F4B6E9	apis|C4WRY1
OG0000837	apis	ahos|F4B574, ahos|F4B7W7	apis|A0A8R2NKW7, apis|C4WTM4, apis|C4WTE9
OG0000838	apis	ahos|F4B9D6	apis|A0A8R2FCP5, apis|C4WVC9, apis|C4WW30, apis|A0A8R2BAQ9
OG0000839	apis	ahos|F4B783, ahos|F4B8R0, ahos|F4B615, ahos|F4B8I3	apis|A0A8R2FB68
OG0000840	apis	ahos|F4BA15	apis|A0A8R2A9T1, apis|A0A8R2NPZ4, apis|A0A8R2JPU1, apis|A0A8R2FCR8
OG0001051	apis	ahos|F4B8L6, ahos|F4B5T7, ahos|F4B4C4	apis|A0A8R2A5Z1
OG0001052	apis	ahos|F4B8R7, ahos|F4B972, ahos|F4B474	apis|A0A8R2A7F2
OG0001056	apis	ahos|F4B4N4	apis|A0A8R1W3A6, apis|A0A8R1VY48, apis|A0A8R2B9E2
OG0001057	apis	ahos|F4B999, ahos|F4B5T4, ahos|F4B9A1	apis|A0A8R2BB14
OG0001058	apis	ahos|F4B5D9, ahos|F4B4H5	apis|A0A8R2FDC0, apis|A0A8R2B9Y4
OG0001059	apis	ahos|F4BA58	apis|A0A8R2D4R1, apis|A0A8R1W0A0, apis|A0A8R2NJN7
OG0001060	apis	ahos|F4B4Y7, ahos|F4B5C2, ahos|F4B5B7	apis|A0A8R2BAJ8
OG0001061	apis	ahos|F4B9C9, ahos|F4B4Z6, ahos|F4B7T0	apis|A0A8R2BA39
OG0001062	apis	ahos|F4B4E9, ahos|F4B6H9, ahos|F4B5B4	apis|A0A8R2FDF0
OG0001063	apis	ahos|F4BA70, ahos|F4B6N4, ahos|F4B7L8	apis|C4WXV3
OG0001064	apis	ahos|F4B4Y1	apis|A0A8R2F853, apis|A0A8R1W3U9, apis|A0A8R2F716
OG0001065	apis	ahos|F4B9M7, ahos|F4B450	apis|A0A8R2FCN4, apis|A0A8R2FDQ8
OG0001067	apis	ahos|F4B9M2	apis|A0A8R2HAZ5, apis|C4WW26, apis|A0A8R2NML4
OG0001068	apis	ahos|F4B4Q9	apis|A0A8R2D5W3, apis|A0A8R2D4I9, apis|A0A8R1W1E3
OG0001070	apis	ahos|F4B859, ahos|F4B8U0, ahos|F4B7Q3	apis|A0A8R2B9S6
OG0001071	apis	ahos|F4B481	apis|A0A8R1XHB1, apis|A0A8R1XED9, apis|A0A8R2BBB1
OG0001072	apis	ahos|F4B6N9, ahos|F4B3V5	apis|C4WV52, apis|A0A8R2FBE6
OG0001074	apis	ahos|F4B6G5, ahos|F4B6Y9	apis|A0A8R2H3Z5, apis|A0A8R1VYQ9
OG0001075	apis	ahos|F4B6Q0, ahos|F4B564, ahos|F4B4B5	apis|A0A8R1W244
OG0001076	apis	ahos|F4B7F2, ahos|F4B5S5, ahos|F4BA72	apis|A0A8R2A3U9
OG0001079	apis	ahos|F4B932	apis|A0A8R2HBV7, apis|A0A8R1W768, apis|A0A8R2JW59
OG0001080	apis	ahos|F4B6X2	apis|C4WX40, apis|A0A8R2F920, apis|A0A8R2NKM5
OG0001082	apis	ahos|F4B7X2	apis|A0A8R2FCF3, apis|A0A8R2AB94, apis|A0A8R2JT40
OG0001083	apis	ahos|F4B6J9, ahos|F4B7Y9, ahos|F4BA86	apis|A0A8R1W2V1
OG0001084	apis	ahos|F4B7W2	apis|Q201Z1, apis|A0A8R1W800, apis|C4WRI8
OG0001086	apis	ahos|F4B3T2, ahos|F4B540	apis|A0A8R2FB12, apis|A0A8R1W9B5
OG0001087	apis	ahos|F4B6B2	apis|A0A8R1W7Z5
OG0001087	apis	ahos|F4B6R2	apis|A0A8R2B9S5
OG0001089	apis	ahos|F4B647	apis|A0A8R2D7L4, apis|A0A8R1TE75, apis|C4WS23
OG0001090	apis	ahos|F4B3X0	apis|A0A8R2NNU8, apis|A0A8R2F6X2, apis|C4WXZ2
OG0001091	apis	ahos|F4B480	apis|A0A8R2FEB4, apis|A0A8R2NJC6, apis|A0A8R1W5T3
OG0001092	apis	ahos|F4B7H1	apis|A0A8R2FAV2, apis|A0A8R2A1M5, apis|A0A8R2FAH8
OG0001093	apis	ahos|F4B6Z7	apis|A0A8R2FCN5, apis|A0A8R2AA85, apis|A0A8R2FE50
OG0001094	apis	ahos|F4B5B3	apis|C4WVL6, apis|A0A8R2F8R6, apis|A0A8R1XFU1
OG0001475	apis	ahos|F4B5A1, ahos|F4B8N0	apis|A0A8R2A8S1
OG0001477	apis	ahos|F4B7T1	apis|A0A8R1WZ60, apis|A0A8R2F706
OG0001478	apis	ahos|F4B8S2, ahos|F4B9V5	apis|A0A8R2NM39
OG0001479	apis	ahos|F4B8P8, ahos|F4B8R4	apis|A0A8R2H7Y8
OG0001480	apis	ahos|F4B9P7, ahos|F4B8H4	apis|A0A8R1W2T5
OG0001481	apis	ahos|F4B5R3	apis|A0A8R2AZ77, apis|A0A8R2B762
OG0001482	apis	ahos|F4B3U6	apis|C4WUD6, apis|A0A8R2F8N6
OG0001484	apis	ahos|F4B5B1, ahos|F4B633	apis|B7TYC4
OG0001485	apis	ahos|F4B473, ahos|F4B472	apis|Q201W9
OG0001487	apis	ahos|F4B4P4	apis|A0A8R1W2V7, apis|A0A8R2H9X7
OG0001491	apis	ahos|F4B3U8	apis|A0A8R2B742, apis|C4WV63
OG0001492	apis	ahos|F4B6M9, ahos|F4B4Z7	apis|A0A8R1W643
OG0001497	apis	ahos|F4B8K7, ahos|F4B6Z4	apis|A0A8R1X142
OG0001500	apis	ahos|F4B4M7, ahos|F4B589	apis|A0A8R1W6I1
OG0001501	apis	ahos|F4B9N5	apis|A0A8R2NRS1, apis|A0A8R2JM51
OG0001502	apis	ahos|F4B964, ahos|F4B425	apis|C4WX53
OG0001503	apis	ahos|F4B459	apis|A0A8R2A5P6, apis|A0A8R1W553
OG0001504	apis	ahos|F4B710, ahos|F4B3T4	apis|A0A8R2FFE9
OG0001505	apis	ahos|F4B4R1, ahos|F4B9I1	apis|A0A8R2A4T9
OG0001507	apis	ahos|F4B3V1, ahos|F4B404	apis|A0A8R2FCX5
OG0001509	apis	ahos|F4B4L1	apis|A0A8R1W6Z9, apis|A0A8R2D658
OG0001512	apis	ahos|F4B751, ahos|F4B7F3	apis|C4WUL1
OG0001514	apis	ahos|F4B856, ahos|F4B5H7	apis|A0A8R2HBI0
OG0001516	apis	ahos|F4B923	apis|C4WS03, apis|C4WS17
OG0001517	apis	ahos|F4B9Y6	apis|C4WTB7, apis|A0A8R2JWF1
OG0001519	apis	ahos|F4B688	apis|A0A8R2B3I2, apis|A0A8R2B174
OG0001520	apis	ahos|F4B961	apis|A0A8R2NTZ3, apis|A0A8R2ACA3
OG0001524	apis	ahos|F4B571	apis|A0A8R2D3E0, apis|A0A8R1WZ23
OG0001525	apis	ahos|F4B9I9	apis|A0A8R2A360, apis|A0A8R2ADA9
OG0001526	apis	ahos|F4B453, ahos|F4B7H8	apis|C4WXP1
OG0001530	apis	ahos|F4B6H1	apis|A0A8R2JRZ8, apis|A0A8R2ACI0
OG0001534	apis	ahos|F4B3Y0	apis|A0A8R2FCZ9, apis|A0A8R2BAU1
OG0001535	apis	ahos|F4B9R1	apis|A0A8R2AAK3, apis|C4WVL8
OG0001538	apis	ahos|F4B5V9, ahos|F4B7R4	apis|C4WSN8
OG0001539	apis	ahos|F4B809	apis|A0A8R1TGR2, apis|C4WUL5
OG0001540	apis	ahos|F4B506	apis|A0A8R2BAV8, apis|A0A8R1TCP4
OG0001541	apis	ahos|F4B8Q7	apis|C4WSE3, apis|J9JMX8
OG0001542	apis	ahos|F4B998	apis|A0A8R2NNW3, apis|A0A8R1TDB7
OG0001543	apis	ahos|F4B7F0	apis|A0A8R2BA26, apis|A0A8R2A5X8
OG0001545	apis	ahos|F4B4A3	apis|A0A8R2B752, apis|A0A8R2A314
OG0001547	apis	ahos|F4B4K1	apis|C4WU19, apis|A0A8R2B8Y7
OG0001548	apis	ahos|F4B659, ahos|F4B5U0	apis|A0A8R2HC12
OG0001550	apis	ahos|F4B9X1	apis|A0A8R2JMI7, apis|C4WVZ9
OG0001552	apis	ahos|F4B8D5	apis|C4WUF5, apis|Q201V7
OG0001553	apis	ahos|F4B478	apis|A0A8R2A4S0, apis|A0A8R1W7M7
OG0001556	apis	ahos|F4B7G7	apis|A0A8R2A8X8, apis|A0A8R2F9C3
OG0001558	apis	ahos|F4B4H0, ahos|F4B4J9	apis|A0A8R2FEQ0
OG0001559	apis	ahos|F4B711	apis|A0A8R2D797, apis|A0A8R1VZY2
OG0001560	apis	ahos|F4B760	apis|A0A8R2NKD3, apis|C4WSE7
OG0001561	apis	ahos|F4B8Q6	apis|A0A8R2A2A7, apis|C4WUL0
OG0001562	apis	ahos|F4B8D2	apis|A0A8R2AG78, apis|A0A8R2FF01
OG0001564	apis	ahos|F4B9E8, ahos|F4B6N3	apis|A0A8R2JW73
OG0001565	apis	ahos|F4B9Z0	apis|A0A8R2ACL0, apis|A0A8R2AC71
OG0001566	apis	ahos|F4B3M7	apis|A0A8R2B3V7, apis|A0A8R2A7N1
OG0001569	apis	ahos|F4B5D0, ahos|F4B605	apis|A0A8R1W0C7
OG0001570	apis	ahos|F4B4L7, ahos|F4BA03	apis|A0A8R2NWE3
OG0001571	apis	ahos|F4B9S1	apis|A0A8R2NNF4, apis|C4WU98
OG0001572	apis	ahos|F4B572, ahos|F4B541	apis|A0A8R1VY73
OG0001574	apis	ahos|F4B7Y0	apis|A0A8R2JNC4, apis|A0A8R2NNE0
OG0001575	apis	ahos|F4B9G0	apis|A0A8R2A2Y9, apis|A0A8R2JS97
OG0001576	apis	ahos|F4B879, ahos|F4B679	apis|A0A8R2H8D1
OG0001577	apis	ahos|F4B7E2, ahos|F4B9A3	apis|A0A8R2BAI2
OG0001579	apis	ahos|F4B3N6, ahos|F4B554	apis|C4WX87
OG0001580	apis	ahos|F4B507, ahos|F4B3Z7	apis|A0A8R1W491
OG0001581	apis	ahos|F4B752, ahos|F4B7H3	apis|A0A8R1W752
OG0001582	apis	ahos|F4B7L7	apis|A0A8R1W3X6, apis|A0A8R2F9L5
OG0001583	apis	ahos|F4B8A1	apis|C4WS37, apis|A0A8R2A089
OG0001584	apis	ahos|F4B8W7	apis|A0A8R2FA58, apis|A0A8R2NRQ8
OG0001586	apis	ahos|F4B8B5	apis|C4WUP6, apis|A0A8R2JS26
OG0001588	apis	ahos|F4B8U1	apis|A0A8R1W352, apis|A0A8R1VZX6
OG0001589	apis	ahos|F4B937	apis|A0A8R2FC52, apis|C4WS44
OG0001590	apis	ahos|F4B3P8	apis|A0A8R2NT86, apis|A0A8R2A5Y3
OG0001592	apis	ahos|F4B3S3	apis|C4WRJ5, apis|A0A8R2FBV8
OG0001593	apis	ahos|F4BA40, ahos|F4B4I9	apis|A0A8R1VZ91
OG0001594	apis	ahos|F4B4Q4	apis|A0A8R2A8S0, apis|A0A8R2H3K3
OG0001595	apis	ahos|F4B3Z0	apis|A0A8R2B766, apis|A0A8R2NLI6
OG0001596	apis	ahos|F4B4S1	apis|A0A8R2D1I3, apis|C4WS47
OG0001597	apis	ahos|F4B6Z8	apis|A0A8R2B925, apis|A0A8R2B8L1
OG0001598	apis	ahos|F4B6U2	apis|A0A8R1W1B9, apis|A0A8R1WZ30
OG0001599	apis	ahos|F4B8E4	apis|C4WRN4, apis|C4WS91
OG0001600	apis	ahos|F4B8D9	apis|C4WY33, apis|A0A8R2FBF2
OG0001601	apis	ahos|F4B4C6	apis|A0A8R2A439, apis|A0A8R2AHE8
OG0001602	apis	ahos|F4B607	apis|A0A8R2H9K1, apis|A0A8R2NLG7
OG0001603	apis	ahos|F4B7G4	apis|A0A8R2A6I3, apis|C4WTM8
OG0001604	apis	ahos|F4B5C4, ahos|F4B5C9	apis|A0A8R2B5A3
OG0001605	apis	ahos|F4B876	apis|A0A8R1W1R9, apis|A0A8R2F7B5
OG0001606	apis	ahos|F4B9Y5, ahos|F4B662	apis|A0A8R2NUX1
OG0001607	apis	ahos|F4BA52, ahos|F4B745	apis|A0A8R2A2E9
OG0001608	apis	ahos|F4B3U7	apis|A0A8R1XEP0, apis|A0A8R1XGC4
OG0001609	apis	ahos|F4B650	apis|C4WT89, apis|C4WXL9
OG0001610	apis	ahos|F4B3V0	apis|A0A8R2A6K6, apis|A0A8R1WBA1
OG0001611	apis	ahos|F4B8B8	apis|A0A8R2AAW4, apis|C4WSG4
OG0001612	apis	ahos|F4B3M1, ahos|F4B7Z2	apis|C4WWF2
OG0001613	apis	ahos|F4B4N2	apis|A0A8R2A1U8, apis|A0A8R2JUL3
OG0001614	apis	ahos|F4B8Q4	apis|A0A8R2B5V4, apis|A0A8R2A9S2
OG0001615	apis	ahos|F4B930	apis|A0A8R2F865, apis|C4WRP6
OG0001616	apis	ahos|F4B697	apis|A0A8R2JQE5, apis|A0A8R2H823
OG0001617	apis	ahos|F4B9T2	apis|A0A8R2B3W9, apis|A0A8R2NVV4
OG0001618	apis	ahos|F4B8Y9	apis|A0A8R2A7S3, apis|A0A8R2B630
OG0001619	apis	ahos|F4B848	apis|A0A8R2HB30, apis|A0A8R2HCE9
OG0002256	apis	ahos|F4B8U6	apis|A0A8R1W5Y6
OG0002257	apis	ahos|F4B462	apis|A0A8R1TCX4
OG0002260	apis	ahos|F4B9X0	apis|C4WXG5
OG0002261	apis	ahos|F4B8L8	apis|A0A8R2FC91
OG0002263	apis	ahos|F4B3T9	apis|A0A8R2BAB3
OG0002266	apis	ahos|F4B8E3	apis|A0A8R1W7M2
OG0002268	apis	ahos|F4B8D6	apis|C4WS51
OG0002269	apis	ahos|F4B691	apis|A0A8R2D2I4
OG0002271	apis	ahos|F4BA57	apis|Q201Z2
OG0002272	apis	ahos|F4B9T7	apis|A0A8R1X1I9
OG0002274	apis	ahos|F4B682	apis|A0A8R2B9X9
OG0002276	apis	ahos|F4B8C4	apis|A0A8R1W6Q1
OG0002277	apis	ahos|F4B815	apis|A0A8R2A8U0
OG0002278	apis	ahos|F4B705	apis|A0A8R1TDD4
OG0002280	apis	ahos|F4B4S5	apis|C4WSD9
OG0002281	apis	ahos|F4B9K2	apis|A0A8R2FB30
OG0002282	apis	ahos|F4B6M3	apis|A0A8R2A7Q1
OG0002284	apis	ahos|F4B6Z6	apis|A0A8R2B5T7
OG0002286	apis	ahos|F4B727	apis|A0A8R2JT04
OG0002291	apis	ahos|F4B4Q7	apis|A0A8R2B132
OG0002293	apis	ahos|F4B8P0	apis|A0A8R2D7D3
OG0002296	apis	ahos|F4B5H6	apis|C4WV57
OG0002297	apis	ahos|F4B755	apis|A0A8R2B6M3
OG0002299	apis	ahos|F4B9W3	apis|C4WSP8
OG0002301	apis	ahos|F4B4B4	apis|C4WRS4
OG0002303	apis	ahos|F4B7Z9	apis|A0A8R2B667
OG0002304	apis	ahos|F4B7W0	apis|A0A8R2A748
OG0002305	apis	ahos|F4B3S0	apis|A0A8R1TCJ9
OG0002307	apis	ahos|F4B7U8	apis|C4WYG5
OG0002309	apis	ahos|F4B7Y1	apis|A0A8R2A2N2
OG0002312	apis	ahos|F4B8E6	apis|C4WUB1
OG0002313	apis	ahos|F4B735	apis|C4WXX0
OG0002314	apis	ahos|F4BA60	apis|Q201Y0
OG0002315	apis	ahos|F4B8N6	apis|A0A8R1W118
OG0002317	apis	ahos|F4BA49	apis|C4WUG0
OG0002319	apis	ahos|F4B8F2	apis|C4WTW7
OG0002320	apis	ahos|F4B8B7	apis|C4WRJ1
OG0002321	apis	ahos|F4B5V8	apis|A0A8R2HA48
OG0002322	apis	ahos|F4B767	apis|A0A8R2A5Z6
OG0002324	apis	ahos|F4B8D3	apis|A0A8R1WYN0
OG0002325	apis	ahos|F4B9G4	apis|A0A8R1X1J4
OG0002328	apis	ahos|F4B7M7	apis|A0A8R2D6V1
OG0002329	apis	ahos|F4B3R6	apis|A0A8R1VYK1
OG0002331	apis	ahos|F4B714	apis|A0A8R2A766
OG0002332	apis	ahos|F4B9N2	apis|C4WUE2
OG0002337	apis	ahos|F4B766	apis|C4WSJ6
OG0002338	apis	ahos|F4B7V9	apis|A0A8R2FCK7
OG0002339	apis	ahos|F4B8C8	apis|A0A8R2A5G3
OG0002340	apis	ahos|F4B3K9	apis|A0A8R1W017
OG0002341	apis	ahos|F4B6R4	apis|A0A8R2A647
OG0002345	apis	ahos|F4B7H7	apis|C4WVI6
OG0002346	apis	ahos|F4B4C1	apis|A0A8R1X422
OG0002347	apis	ahos|F4B6N5	apis|A0A8R2D138
OG0002349	apis	ahos|F4B4S3	apis|A0A8R2NJ87
OG0002350	apis	ahos|F4B9E4	apis|A0A8R1W337
OG0002351	apis	ahos|F4B7V7	apis|A0A8R2F8N5
OG0002352	apis	ahos|F4B7F9	apis|A0A8R1W606
OG0002354	apis	ahos|F4B720	apis|A0A8R2JMI6
OG0002355	apis	ahos|F4B3R0	apis|A0A8R2FDK5
OG0002357	apis	ahos|F4B9Z6	apis|A0A8R2FCS5
OG0002358	apis	ahos|F4B7U9	apis|A0A8R2B594
OG0002360	apis	ahos|F4B4Q3	apis|C4WWV1
OG0002362	apis	ahos|F4B9S9	apis|A0A8R2A9D2
OG0002363	apis	ahos|F4B9T6	apis|C4WYA0
OG0002365	apis	ahos|F4B8G1	apis|C4WXK5
OG0002368	apis	ahos|F4B4B0	apis|A0A8R1W590
OG0002369	apis	ahos|F4B7X9	apis|A0A8R2B919
OG0002374	apis	ahos|F4B9R3	apis|A0A8R1WAL3
OG0002375	apis	ahos|F4B3S1	apis|A0A8R2A2L8
OG0002377	apis	ahos|F4B5F6	apis|A0A8R1W580
OG0002378	apis	ahos|F4B461	apis|C4WVS0
OG0002379	apis	ahos|F4B9P4	apis|A0A8R2B9V0
OG0002380	apis	ahos|F4BA42	apis|C4WTN2
OG0002381	apis	ahos|F4B4D3	apis|C4WSL0
OG0002383	apis	ahos|F4B763	apis|A0A8R2A550
OG0002385	apis	ahos|F4B9S6	apis|A0A8R2JVW6
OG0002386	apis	ahos|F4B471	apis|C4WTF1
OG0002389	apis	ahos|F4B7J3	apis|C4WX48
OG0002396	apis	ahos|F4B7V2	apis|C4WY99
OG0002397	apis	ahos|F4B548	apis|A0A8R2AAB0
OG0002399	apis	ahos|F4B4C5	apis|A0A8R2D742
OG0002400	apis	ahos|F4BA00	apis|A0A8R2FCF4
OG0002401	apis	ahos|F4B725	apis|A0A8R1W160
OG0002402	apis	ahos|F4B8A0	apis|A0A8R1TCY7
OG0002403	apis	ahos|F4B700	apis|A0A8R2JPC8
OG0002405	apis	ahos|F4B6L3	apis|C4WTS7
OG0002408	apis	ahos|F4B6K2	apis|A0A8R2A2K5
OG0002409	apis	ahos|F4B5R2	apis|A0A8R2FAG9
OG0002410	apis	ahos|F4BA76	apis|B7TYC0
OG0002413	apis	ahos|F4B591	apis|A0A8R2FDI3
OG0002414	apis	ahos|F4B8E5	apis|A0A8R2FBD0
OG0002415	apis	ahos|F4B4E7	apis|C4WSL5
OG0002419	apis	ahos|F4B7Y3	apis|A0A8R2A6Y9
OG0002420	apis	ahos|F4B730	apis|A0A8R2A330
OG0002421	apis	ahos|F4B5M9	apis|A0A8R2A6Z3
OG0002422	apis	ahos|F4B9B1	apis|A0A8R2JQT0
OG0002423	apis	ahos|F4B9P8	apis|A0A8R2FDR0
OG0002426	apis	ahos|F4B9F9	apis|A0A8R2BAL9
OG0002428	apis	ahos|F4BA48	apis|A0A8R1W4Q3
OG0002434	apis	ahos|F4B8B6	apis|A0A8R1VYW0
OG0002437	apis	ahos|F4B6R3	apis|A0A8R1VZI9
OG0002438	apis	ahos|F4B718	apis|A0A8R2FAT4
OG0002439	apis	ahos|F4B9E9	apis|A0A8R2BB20
OG0002440	apis	ahos|F4B7W3	apis|Q201U8
OG0002442	apis	ahos|F4B9C2	apis|A0A8R2H9K5
OG0002444	apis	ahos|F4B9E5	apis|A0A8R2A452
OG0002445	apis	ahos|F4B8A6	apis|A0A8R2NRB9
OG0002451	apis	ahos|F4B4P0	apis|A0A8R1XGF6
OG0002452	apis	ahos|F4B7V6	apis|A0A8R2B5W1
OG0002453	apis	ahos|F4B9M1	apis|A0A8R2FCG8
OG0002456	apis	ahos|F4B754	apis|A0A8R2NSR7
OG0002459	apis	ahos|F4B501	apis|A0A8R2A0Y8
OG0002460	apis	ahos|F4B8N4	apis|A0A8R2NUQ9
OG0002461	apis	ahos|F4B9T5	apis|A0A8R2NV85
OG0002462	apis	ahos|F4B3W5	apis|A0A8R2JTH9
OG0002464	apis	ahos|F4B9U6	apis|A0A8R2B7I3
OG0002465	apis	ahos|F4B4K8	apis|C4WSX7
OG0002466	apis	ahos|F4B969	apis|C4WWS8
OG0002467	apis	ahos|F4B5C0	apis|C4WUE4
OG0002469	apis	ahos|F4B8M7	apis|C4WTA8
OG0002470	apis	ahos|F4B4H7	apis|A0A8R2D7G0
OG0002472	apis	ahos|F4B8R3	apis|A0A8R1W6Q8
OG0002473	apis	ahos|F4B9T4	apis|A0A8R1TEZ5
OG0002474	apis	ahos|F4B510	apis|A0A8R1W7J9
OG0002475	apis	ahos|F4B3T3	apis|A0A8R2ACT2
OG0002476	apis	ahos|F4B874	apis|A0A8R2A9X0
OG0002479	apis	ahos|F4B5M5	apis|C4WWE3
OG0002480	apis	ahos|F4B7R0	apis|A0A8R2HCJ0
OG0002481	apis	ahos|F4B906	apis|A0A8R2A4Q2
OG0002482	apis	ahos|F4B8P4	apis|A0A8R1W2Z1
OG0002484	apis	ahos|F4B805	apis|A0A8R2A4S4
OG0002486	apis	ahos|F4B8F3	apis|C4WRW3
OG0002487	apis	ahos|F4B3R4	apis|A0A8R1W266
OG0002488	apis	ahos|F4B6R6	apis|A0A8R2A8E7
OG0002490	apis	ahos|F4B4S0	apis|A0A8R1W3R8
OG0002491	apis	ahos|F4B8C0	apis|Q201W6
OG0002492	apis	ahos|F4B7J9	apis|C4WSC8
OG0002493	apis	ahos|F4BA82	apis|A0A8R1XPF4
OG0002494	apis	ahos|F4B7V0	apis|A0A8R2B7F3
OG0002495	apis	ahos|F4B7Z8	apis|C4WVS8
OG0002497	apis	ahos|F4B8C2	apis|A0A8R2D2N0
OG0002499	apis	ahos|F4B963	apis|C4WUV5
OG0002501	apis	ahos|F4B676	apis|A0A8R2D657
OG0002502	apis	ahos|F4B4Q1	apis|A0A8R2ADF2
OG0002504	apis	ahos|F4B8F0	apis|C4WRX7
OG0002506	apis	ahos|F4BA62	apis|A0A8R1WYU1
OG0002507	apis	ahos|F4B7W6	apis|A0A8R2A2M5
OG0002508	apis	ahos|F4BA28	apis|A0A8R2NNP6
OG0002509	apis	ahos|F4B5B8	apis|A0A8R2D7D9
OG0002510	apis	ahos|F4B765	apis|C4WTK3
OG0002511	apis	ahos|F4B565	apis|A0A8R2FCC5
OG0002512	apis	ahos|F4B4A6	apis|A0A8R2A7M8
OG0002515	apis	ahos|F4B8N8	apis|A0A8R2NNE7
OG0002516	apis	ahos|F4B929	apis|A0A8R1W0F3
OG0002518	apis	ahos|F4B9S4	apis|A0A8R1W3M0
OG0002520	apis	ahos|F4B8Z8	apis|A0A8R1VZQ1
OG0002521	apis	ahos|F4B694	apis|A0A8R1W312
OG0002522	apis	ahos|F4B8I8	apis|A0A8R2D3B1
OG0002525	apis	ahos|F4B8M3	apis|A0A8R2B7S8
OG0002526	apis	ahos|F4B8Z1	apis|A0A8R2A4I7
OG0002527	apis	ahos|F4B594	apis|A0A8R2BAZ5
OG0002528	apis	ahos|F4B5G2	apis|C4WUM8
OG0002530	apis	ahos|F4BA09	apis|A0A8R2A4D7
OG0002531	apis	ahos|F4B626	apis|A0A8R2FDI1
OG0002532	apis	ahos|F4B5C3	apis|C4WUN8
OG0002533	apis	ahos|F4B707	apis|A0A8R2A6Y8
OG0002534	apis	ahos|F4B5N0	apis|A0A8R2F7H8
OG0002535	apis	ahos|F4B801	apis|Q201W0
OG0002536	apis	ahos|F4B729	apis|A0A8R2HAZ4
OG0002537	apis	ahos|F4B817	apis|A0A8R2F7E3
OG0002538	apis	ahos|F4B6M1	apis|A0A8R2H6B6
OG0002539	apis	ahos|F4BA75	apis|B7TYC1
OG0002544	apis	ahos|F4B3P9	apis|C4WSB6
OG0002546	apis	ahos|F4B921	apis|C4WWU3
OG0002549	apis	ahos|F4B6M2	apis|C4WS40
OG0002550	apis	ahos|F4B4S6	apis|A0A8R1W3S3
OG0002551	apis	ahos|F4B3W6	apis|C4WVE1
OG0002552	apis	ahos|F4B7C5	apis|B7TYB4
OG0002553	apis	ahos|F4B4B2	apis|C4WSH1
OG0002555	apis	ahos|F4B5H4	apis|A0A8R2BAC2
OG0002558	apis	ahos|F4B8R6	apis|C4WT45
OG0002560	apis	ahos|F4B3U0	apis|A0A8R1VZB5
OG0002561	apis	ahos|F4B761	apis|A0A8R2A1R5
OG0002562	apis	ahos|F4B8B0	apis|C4WSE9
OG0002563	apis	ahos|F4B5M8	apis|A0A8R2A8T5
OG0002565	apis	ahos|F4B8E8	apis|Q201W1
OG0002566	apis	ahos|F4B9U3	apis|A0A8R2A2L3
OG0002567	apis	ahos|F4B8E9	apis|C4WRN0
OG0002568	apis	ahos|F4B8E2	apis|C4WTN9
OG0002569	apis	ahos|F4B8D1	apis|A0A8R1W3H7
OG0002570	apis	ahos|F4B4E1	apis|A0A8R2B9Q0
OG0002571	apis	ahos|F4B3L4	apis|A0A8R1VYX4
OG0002573	apis	ahos|F4B470	apis|Q1ZZQ1
OG0002574	apis	ahos|F4B8F4	apis|Q1ZZP2
OG0002575	apis	ahos|F4B6X0	apis|A0A8R2FD71
OG0002577	apis	ahos|F4B926	apis|A0A8R1VZ13
OG0002578	apis	ahos|F4B6J4	apis|Q201V0
OG0002579	apis	ahos|F4B9K1	apis|A0A8R1TEK6
OG0002580	apis	ahos|F4B768	apis|Q201X4
OG0002581	apis	ahos|F4B692	apis|A0A8R2FCV9
OG0002583	apis	ahos|F4B7H9	apis|C4WS35
OG0002585	apis	ahos|F4B4P1	apis|C4WU36
OG0002586	apis	ahos|F4B762	apis|C4WSH2
OG0002587	apis	ahos|F4B566	apis|C4WXC2
OG0002588	apis	ahos|F4B5A8	apis|Q201V2
OG0002589	apis	ahos|F4B8C3	apis|A0A8R2D6H8
OG0002590	apis	ahos|F4B9F7	apis|A0A8R2D4Q5
OG0002592	apis	ahos|F4B8B1	apis|A0A8R1XGV8
OG0002593	apis	ahos|F4B7F4	apis|A0A8R2AC07
OG0002594	apis	ahos|F4B5V7	apis|A0A8R2BAE7
OG0002595	apis	ahos|F4B924	apis|A0A8R1W1L0
OG0002596	apis	ahos|F4B8Q9	apis|A0A8R1W8L5
OG0002597	apis	ahos|F4B409	apis|A0A8R1W0Q1
OG0002598	apis	ahos|F4B9U2	apis|A0A8R2BA90
OG0002600	apis	ahos|F4B7W1	apis|Q201X7
OG0002601	apis	ahos|F4B7W5	apis|C4WUW8
OG0002602	apis	ahos|F4B8D7	apis|C4WVG1
OG0002604	apis	ahos|F4B8M5	apis|A0A8R2BAD0
OG0002605	apis	ahos|F4B3L9	apis|A0A8R2D6E1
OG0002606	apis	ahos|F4B802	apis|A0A8R1W646
OG0002607	apis	ahos|F4B467	apis|A0A8R2A0W2
OG0002608	apis	ahos|F4B9G2	apis|A0A8R2A964
OG0002609	apis	ahos|F4B8C9	apis|A0A8R2F6H6
OG0002610	apis	ahos|F4B7J6	apis|C4WSM5
OG0002612	apis	ahos|F4B7V4	apis|Q1ZZQ5
OG0002613	apis	ahos|F4B916	apis|C4WW23
OG0002614	apis	ahos|F4B742	apis|A0A8R1W2H3
OG0002615	apis	ahos|F4B8D4	apis|C4WSN2
OG0002616	apis	ahos|F4BA66	apis|A0A8R2AC11
OG0002617	apis	ahos|F4B819	apis|A0A8R1W1V9
OG0002618	apis	ahos|F4B7E8	apis|C4WVK9
OG0002619	apis	ahos|F4B8A2	apis|C4WSE0
OG0002621	apis	ahos|F4BA81	apis|A0A8R2A1Z5
OG0002623	apis	ahos|F4B7X5	apis|A0A8R1W6K8
OG0002624	apis	ahos|F4BA20	apis|A0A8R2A7R6
OG0002625	apis	ahos|F4B808	apis|A0A8R2B995
OG0002626	apis	ahos|F4B4B1	apis|A0A8R1W2N6
OG0002627	apis	ahos|F4B562	apis|A0A8R2D3S9
OG0002628	apis	ahos|F4B732	apis|A0A8R2A7T7
OG0002629	apis	ahos|F4B899	apis|A0A8R1W1W9
OG0002630	apis	ahos|F4B449	apis|A0A8R2FCG7
OG0002631	apis	ahos|F4B836	apis|A0A8R1VYU1
OG0002632	apis	ahos|F4B8E1	apis|C4WRU2
OG0002633	apis	ahos|F4BA61	apis|A0A8R2A650
OG0002635	apis	ahos|F4B8S8	apis|C4WSB7
OG0002636	apis	ahos|F4BA80	apis|B7TYC5
OG0002637	apis	ahos|F4B8E7	apis|C4WT97
OG0002638	apis	ahos|F4B8E0	apis|C4WS14
OG0002639	apis	ahos|F4B4A1	apis|A0A8R1W4X1
OG0002641	apis	ahos|F4B3U2	apis|A0A8R1W0L6
OG0002643	apis	ahos|F4B4N8	apis|A0A8R2H8G3
OG0002644	apis	ahos|F4B8F1	apis|C4WSI2
OG0002646	apis	ahos|F4B7J5	apis|A0A8R2A9M4
OG0002647	apis	ahos|F4B922	apis|A0A8R1W2F9
OG0002648	apis	ahos|F4B9N1	apis|A0A8R2A8E9
OG0002649	apis	ahos|F4B4Z3	apis|A0A8R2H4N4
OG0002650	apis	ahos|F4B7F8	apis|A0A8R2F9V5
OG0002652	apis	ahos|F4B7I4	apis|A0A8R2NQ05
OG0002653	apis	ahos|F4B5V6	apis|A0A8R2NN36
OG0002654	apis	ahos|F4B6J6	apis|A0A8R1W362
OG0002655	apis	ahos|F4B484	apis|A0A8R1ZZ78
OG0002656	apis	ahos|F4B6A5	apis|A0A8R2AAQ2
OG0002657	apis	ahos|F4B4G5	apis|A0A8R2D734
OG0002658	apis	ahos|F4B7V8	apis|C4WY48
OG0002659	apis	ahos|F4B7L5	apis|C4WRJ4
OG0002660	apis	ahos|F4B9Y0	apis|A0A8R2F7H5
OG0002661	apis	ahos|F4B6N6	apis|A0A8R2BA75
OG0002662	apis	ahos|F4B6Z9	apis|C4WST8
OG0002663	apis	ahos|F4B5C8	apis|A0A8R1VZ75
OG0002664	apis	ahos|F4B759	apis|C4WTS1
OG0002666	apis	ahos|F4B460	apis|C4WUI7
OG0002667	apis	ahos|F4B8A8	apis|C4WYC2
OG0002668	apis	ahos|F4B8B9	apis|A0A8R1W3V4
OG0002669	apis	ahos|F4B736	apis|A0A8R1TDG2
OG0002670	apis	ahos|F4B791	apis|A0A8R2H829
OG0002671	apis	ahos|F4B925	apis|A0A8R2NQM0
